,price_txt,bedrooms_csv,bathrooms_json,sqft_living_xml,max,min,promedio
0,970000.0,4.0,3.25,4740.0,970000.0,3.25,243686.8125
1,985000.0,4.0,2.25,4230.0,985000.0,2.25,247309.0625
2,930000.0,4.0,4.0,6050.0,930000.0,4.0,234014.5
3,863000.0,4.0,2.5,4120.0,863000.0,2.5,216781.625
4,988000.0,4.0,3.0,4040.0,988000.0,3.0,248011.75
5,868700.0,3.0,4.25,3840.0,868700.0,3.0,218136.8125
6,921500.0,4.0,2.5,3670.0,921500.0,2.5,231294.125
7,650000.0,6.0,2.75,3610.0,650000.0,2.75,163404.6875
8,861990.0,5.0,2.75,3595.0,861990.0,2.75,216398.1875
9,515000.0,4.0,3.0,3590.0,515000.0,3.0,129649.25
10,800000.0,3.0,3.5,3830.0,800000.0,3.0,200959.125
11,810000.0,4.0,2.5,3520.0,810000.0,2.5,203381.625
12,780000.0,4.0,2.5,3500.0,780000.0,2.5,195876.625
13,722500.0,5.0,2.5,4870.0,722500.0,2.5,181844.375
14,467000.0,3.0,2.5,3460.0,467000.0,2.5,117616.375
15,720000.0,4.0,2.5,3450.0,720000.0,2.5,180864.125
16,380000.0,5.0,3.0,3450.0,380000.0,3.0,95864.5
17,900000.0,3.0,2.5,3400.0,900000.0,2.5,225851.375
18,859900.0,4.0,2.75,3390.0,859900.0,2.75,215824.1875
19,595000.0,3.0,2.5,3370.0,595000.0,2.5,149593.875
20,879000.0,4.0,2.5,3360.0,879000.0,2.5,220591.625
21,455000.0,4.0,2.5,3360.0,455000.0,2.5,114591.625
22,910000.0,4.0,2.5,3350.0,910000.0,2.5,228339.125
23,971000.0,5.0,3.5,4390.0,971000.0,3.5,243849.625
24,927000.0,4.0,2.75,3300.0,927000.0,2.75,232576.6875
25,785000.0,4.0,2.5,3300.0,785000.0,2.5,197076.625
26,530000.0,3.0,2.5,3660.0,530000.0,2.5,133416.375
27,480000.0,4.0,2.25,3250.0,480000.0,2.25,120814.0625
28,951000.0,5.0,3.25,3250.0,951000.0,3.25,238564.5625
29,730000.0,4.0,2.5,3230.0,730000.0,2.5,183309.125
30,737500.0,4.0,2.5,3200.0,737500.0,2.5,185176.625
31,720000.0,4.0,4.0,3200.0,720000.0,4.0,180802.0
32,609900.0,4.0,2.5,3190.0,609900.0,2.5,153274.125
33,890000.0,4.0,3.25,3180.0,890000.0,3.25,223296.8125
34,900000.0,3.0,2.5,3180.0,900000.0,2.5,225796.375
35,650000.0,4.0,2.5,3180.0,650000.0,2.5,163296.625
36,488000.0,3.0,2.5,3160.0,488000.0,2.5,122791.375
37,819900.0,5.0,2.75,3150.0,819900.0,2.75,205764.4375
38,680000.0,4.0,2.5,3140.0,680000.0,2.5,170786.625
39,851000.0,4.0,2.5,3130.0,851000.0,2.5,213534.125
40,843000.0,3.0,2.5,3130.0,843000.0,2.5,211533.875
41,860000.0,3.0,2.25,3060.0,860000.0,2.25,215766.3125
42,650000.0,4.0,2.5,3040.0,650000.0,2.5,163261.625
43,274975.0,3.0,2.5,3030.0,274975.0,2.5,69502.625
44,950000.0,3.0,3.0,4040.0,950000.0,3.0,238511.5
45,740000.0,3.0,2.5,3000.0,740000.0,2.5,185751.375
46,632925.0,3.0,2.5,2990.0,632925.0,2.5,158980.125
47,725000.0,4.0,2.5,2990.0,725000.0,2.5,181999.125
48,625000.0,5.0,2.5,2990.0,625000.0,2.5,156999.375
49,673000.0,4.0,2.5,2990.0,673000.0,2.5,168999.125
50,849950.0,3.0,3.0,2990.0,849950.0,3.0,213236.5
51,802541.0,5.0,2.75,2990.0,802541.0,2.75,201384.6875
52,560000.0,4.0,2.5,2940.0,560000.0,2.5,140736.625
53,770000.0,3.0,2.25,2910.0,770000.0,2.25,193228.8125
54,395000.0,4.0,2.5,2910.0,395000.0,2.5,99479.125
55,690000.0,4.0,2.5,2900.0,690000.0,2.5,173226.625
56,880000.0,3.0,2.5,2870.0,880000.0,2.5,220718.875
57,770000.0,4.0,2.75,3820.0,770000.0,2.75,193456.6875
58,840000.0,4.0,3.5,2840.0,840000.0,3.5,210711.875
59,405600.0,5.0,1.5,2830.0,405600.0,1.5,102109.125
60,551000.0,3.0,2.5,2830.0,551000.0,2.5,138458.875
61,885000.0,4.0,2.5,2830.0,885000.0,2.5,221959.125
62,675000.0,4.0,2.5,2810.0,675000.0,2.5,169454.125
63,699900.0,4.0,2.75,2810.0,699900.0,2.75,175679.1875
64,765000.0,4.0,2.75,2790.0,765000.0,2.75,191949.1875
65,378000.0,4.0,2.5,2790.0,378000.0,2.5,95199.125
66,740500.0,3.0,3.5,4380.0,740500.0,3.0,186221.625
67,380000.0,5.0,2.5,2760.0,380000.0,2.5,95691.875
68,686000.0,4.0,2.5,2760.0,686000.0,2.5,172191.625
69,682000.0,5.0,2.75,2760.0,682000.0,2.75,171191.9375
70,750000.0,6.0,1.75,2750.0,750000.0,1.75,188189.4375
71,630000.0,4.0,2.5,2740.0,630000.0,2.5,158186.625
72,363000.0,3.0,2.5,2740.0,363000.0,2.5,91436.375
73,507000.0,4.0,2.5,2730.0,507000.0,2.5,127434.125
74,374950.0,4.0,2.75,2730.0,374950.0,2.75,94421.6875
75,975000.0,4.0,2.5,2720.0,975000.0,2.5,244431.625
76,370000.0,4.0,2.5,2720.0,370000.0,2.5,93181.625
77,619000.0,3.0,2.5,2720.0,619000.0,2.5,155431.375
78,465000.0,3.0,2.5,2714.0,465000.0,2.5,116929.875
79,370000.0,4.0,2.5,2710.0,370000.0,2.5,93179.125
80,660000.0,3.0,2.5,2680.0,660000.0,2.5,165671.375
81,320000.0,3.0,2.5,2680.0,320000.0,2.5,80671.375
82,807100.0,4.0,2.5,2680.0,807100.0,2.5,202446.625
83,550000.0,4.0,3.0,2670.0,550000.0,3.0,138169.25
84,379000.0,3.0,3.25,2660.0,379000.0,3.0,95416.5625
85,452000.0,6.0,2.25,2660.0,452000.0,2.25,113667.0625
86,730000.0,6.0,2.25,2660.0,730000.0,2.25,183167.0625
87,305000.0,5.0,2.25,2660.0,305000.0,2.25,76916.8125
88,365000.0,3.0,2.5,2653.0,365000.0,2.5,91914.625
89,446500.0,3.0,2.5,2650.0,446500.0,2.5,112288.875
90,429900.0,4.0,2.5,2640.0,429900.0,2.5,108136.625
91,655000.0,4.0,2.5,2630.0,655000.0,2.5,164409.125
92,605000.0,4.0,2.5,2620.0,605000.0,2.5,151906.625
93,648000.0,4.0,2.5,2620.0,648000.0,2.5,162656.625
94,659000.0,4.0,2.25,2610.0,659000.0,2.25,165404.0625
95,480000.0,4.0,2.5,2600.0,480000.0,2.5,120651.625
96,581000.0,3.0,2.5,2600.0,581000.0,2.5,145901.375
97,775000.0,4.0,2.25,4220.0,775000.0,2.25,194806.5625
98,673000.0,4.0,2.25,2590.0,673000.0,2.25,168899.0625
99,799000.0,4.0,3.0,2580.0,799000.0,3.0,200396.75
100,552250.0,4.0,2.5,2580.0,552250.0,2.5,138709.125
101,917500.0,4.0,2.5,3880.0,917500.0,2.5,230346.625
102,348000.0,3.0,2.25,2570.0,348000.0,2.25,87643.8125
103,719000.0,4.0,2.5,2570.0,719000.0,2.5,180394.125
104,625000.0,4.0,2.5,2570.0,625000.0,2.5,156894.125
105,800000.0,4.0,2.5,2570.0,800000.0,2.5,200644.125
106,485000.0,4.0,1.75,2560.0,485000.0,1.75,121891.4375
107,839900.0,4.0,3.5,3810.0,839900.0,3.5,210929.375
108,650000.0,5.0,2.75,2550.0,650000.0,2.75,163139.4375
109,695000.0,3.0,2.75,2540.0,695000.0,2.75,174386.4375
110,480000.0,4.0,2.5,3230.0,480000.0,2.5,120809.125
111,505000.0,3.0,1.75,2519.0,505000.0,1.75,126880.9375
112,799000.0,4.0,2.25,2510.0,799000.0,2.25,200379.0625
113,650000.0,5.0,3.5,3960.0,650000.0,3.5,163492.125
114,662000.0,3.0,1.75,2500.0,662000.0,1.75,166126.1875
115,940000.0,4.0,2.0,2490.0,940000.0,2.0,235624.0
116,910000.0,3.0,3.5,2480.0,910000.0,3.0,228121.625
117,332000.0,4.0,2.5,2470.0,332000.0,2.5,83619.125
118,359900.0,4.0,2.25,2470.0,359900.0,2.25,90594.0625
119,693000.0,4.0,2.5,2460.0,693000.0,2.5,173866.625
120,784000.0,3.0,3.5,3950.0,784000.0,3.0,196989.125
121,329000.0,3.0,2.25,2450.0,329000.0,2.25,82863.8125
122,525000.0,4.0,2.5,2450.0,525000.0,2.5,131864.125
123,565000.0,4.0,2.5,2440.0,565000.0,2.5,141861.625
124,589000.0,4.0,3.0,2440.0,589000.0,3.0,147861.75
125,335000.0,3.0,2.5,2440.0,335000.0,2.5,84361.375
126,677900.0,3.0,2.5,2440.0,677900.0,2.5,170086.375
127,369950.0,3.0,1.0,2430.0,369950.0,1.0,93096.0
128,430000.0,2.0,2.5,2420.0,430000.0,2.0,108106.125
129,684000.0,4.0,3.5,3040.0,684000.0,3.5,171761.875
130,301000.0,3.0,2.5,2420.0,301000.0,2.5,75856.375
131,399950.0,4.0,2.0,2420.0,399950.0,2.0,100594.0
132,590000.0,4.0,3.5,3100.0,590000.0,3.5,148276.875
133,327000.0,5.0,2.75,2400.0,327000.0,2.75,82351.9375
134,750000.0,3.0,2.5,2400.0,750000.0,2.5,188101.375
135,856600.0,4.0,2.25,2400.0,856600.0,2.25,214751.5625
136,832500.0,4.0,4.0,3430.0,832500.0,4.0,208984.5
137,359500.0,4.0,2.25,2390.0,359500.0,2.25,90474.0625
138,339000.0,4.0,1.5,2390.0,339000.0,1.5,85348.875
139,905000.0,4.0,2.5,3300.0,905000.0,2.5,227076.625
140,669950.0,5.0,2.5,2820.0,669950.0,2.5,168194.375
141,782000.0,4.0,2.5,2380.0,782000.0,2.5,196096.625
142,360000.0,4.0,2.5,2380.0,360000.0,2.5,90596.625
143,699800.0,2.0,2.5,2380.0,699800.0,2.0,175546.125
144,890000.0,4.0,1.0,2550.0,890000.0,1.0,223138.75
145,405000.0,3.0,2.5,3170.0,405000.0,2.5,102043.875
146,752500.0,4.0,2.25,2360.0,752500.0,2.25,188716.5625
147,430000.0,3.0,2.5,2360.0,430000.0,2.5,108091.375
148,640000.0,4.0,2.0,2360.0,640000.0,2.0,160591.5
149,390000.0,3.0,2.5,2350.0,390000.0,2.5,98088.875
150,472000.0,6.0,2.5,4410.0,472000.0,2.5,119104.625
151,905000.0,4.0,3.5,2970.0,905000.0,3.5,226994.375
152,390000.0,4.0,2.5,2340.0,390000.0,2.5,98086.625
153,404950.0,4.0,2.25,2340.0,404950.0,2.25,101824.0625
154,527000.0,4.0,2.25,2330.0,527000.0,2.25,132334.0625
155,437500.0,3.0,2.5,2320.0,437500.0,2.5,109956.375
156,530000.0,4.0,2.5,2320.0,530000.0,2.5,133081.625
157,580500.0,3.0,2.5,2320.0,580500.0,2.5,145706.375
158,597750.0,4.0,2.5,2310.0,597750.0,2.5,150016.625
159,330000.0,3.0,2.25,2300.0,330000.0,2.25,83076.3125
160,785000.0,4.0,2.5,2290.0,785000.0,2.5,196824.125
161,328500.0,4.0,3.0,2290.0,328500.0,3.0,82699.25
162,450000.0,3.0,2.0,2290.0,450000.0,2.0,113073.75
163,380000.0,3.0,2.5,2280.0,380000.0,2.5,95571.375
164,500000.0,4.0,2.75,2280.0,500000.0,2.75,125571.6875
165,580000.0,4.0,3.0,3280.0,580000.0,3.0,145821.75
166,855000.0,4.0,2.75,2270.0,855000.0,2.75,214319.1875
167,285000.0,5.0,2.5,2270.0,285000.0,2.5,71819.375
168,318888.0,4.0,1.75,2320.0,318888.0,1.75,80303.4375
169,496500.0,3.0,2.5,2260.0,496500.0,2.5,124691.375
170,538000.0,3.0,2.5,2250.0,538000.0,2.5,135063.875
171,445838.0,3.0,2.5,2250.0,445838.0,2.5,112023.375
172,292500.0,4.0,2.5,2250.0,292500.0,2.5,73689.125
173,571000.0,4.0,2.0,2750.0,571000.0,2.0,143439.0
174,279000.0,6.0,1.75,2240.0,279000.0,1.75,70311.9375
175,980000.0,4.0,2.25,2240.0,980000.0,2.25,245561.5625
176,287000.0,4.0,2.5,2240.0,287000.0,2.5,72311.625
177,592500.0,4.0,2.5,2240.0,592500.0,2.5,148686.625
178,625000.0,4.0,2.25,2220.0,625000.0,2.25,156806.5625
179,665000.0,4.0,2.75,3320.0,665000.0,2.75,167081.6875
180,360000.0,4.0,2.5,2210.0,360000.0,2.5,90554.125
181,639000.0,4.0,2.5,2210.0,639000.0,2.5,160304.125
182,455000.0,4.0,2.5,2210.0,455000.0,2.5,114304.125
183,650000.0,4.0,2.0,2208.0,650000.0,2.0,163053.5
184,365000.0,3.0,2.5,2200.0,365000.0,2.5,91801.375
185,699950.0,3.0,2.25,2190.0,699950.0,2.25,175536.3125
186,310000.0,5.0,1.75,2190.0,310000.0,1.75,78049.1875
187,628000.0,3.0,1.75,4000.0,628000.0,1.75,158001.1875
188,610750.0,4.0,2.25,2180.0,610750.0,2.25,153234.0625
189,538000.0,3.0,2.25,2570.0,538000.0,2.25,135143.8125
190,449950.0,3.0,2.5,2170.0,449950.0,2.5,113031.375
191,360000.0,4.0,2.5,2160.0,360000.0,2.5,90541.625
192,347500.0,4.0,2.5,2156.0,347500.0,2.5,87415.625
193,465000.0,3.0,2.5,2150.0,465000.0,2.5,116788.875
194,419000.0,4.0,1.5,2150.0,419000.0,1.5,105288.875
195,360000.0,4.0,1.75,3730.0,360000.0,1.75,90933.9375
196,675000.0,4.0,3.5,2140.0,675000.0,3.5,169286.875
197,835000.0,4.0,2.75,3130.0,835000.0,2.75,209534.1875
198,799000.0,3.0,2.5,2140.0,799000.0,2.5,200286.375
199,389000.0,4.0,2.25,2130.0,389000.0,2.25,97784.0625
200,920000.0,5.0,2.25,2730.0,920000.0,2.25,230684.3125
201,650000.0,3.0,2.5,2690.0,650000.0,2.5,163173.875
202,375000.0,3.0,2.25,2120.0,375000.0,2.25,94281.3125
203,403950.0,4.0,2.5,2120.0,403950.0,2.5,101519.125
204,437500.0,3.0,2.5,2120.0,437500.0,2.5,109906.375
205,290000.0,5.0,1.5,2120.0,290000.0,1.5,73031.625
206,530000.0,3.0,2.25,2120.0,530000.0,2.25,133031.3125
207,550000.0,3.0,2.0,2380.0,550000.0,2.0,138096.25
208,370000.0,3.0,2.25,2110.0,370000.0,2.25,93028.8125
209,470000.0,3.0,2.5,2100.0,470000.0,2.5,118026.375
210,740000.0,3.0,2.0,2100.0,740000.0,2.0,185526.25
211,323000.0,3.0,1.75,2100.0,323000.0,1.75,81276.1875
212,469000.0,4.0,2.75,3550.0,469000.0,2.75,118139.1875
213,403000.0,3.0,2.75,2090.0,403000.0,2.75,101273.9375
214,460000.0,4.0,2.0,2090.0,460000.0,2.0,115524.0
215,196000.0,3.0,2.25,2070.0,196000.0,2.25,49518.8125
216,365000.0,4.0,2.25,2070.0,365000.0,2.25,91769.0625
217,430000.0,4.0,2.5,2070.0,430000.0,2.5,108019.125
218,560000.0,3.0,2.25,2060.0,560000.0,2.25,140516.3125
219,439000.0,4.0,2.25,2060.0,439000.0,2.25,110266.5625
220,640000.0,4.0,1.75,2060.0,640000.0,1.75,160516.4375
221,331500.0,4.0,2.5,2050.0,331500.0,2.5,83389.125
222,280000.0,4.0,2.5,2050.0,280000.0,2.5,70514.125
223,740000.0,4.0,2.0,2050.0,740000.0,2.0,185514.0
224,314500.0,3.0,2.0,2050.0,314500.0,2.0,79138.75
225,208633.0,3.0,2.5,2040.0,208633.0,2.5,52669.625
226,520000.0,3.0,2.25,2030.0,520000.0,2.25,130508.8125
227,470000.0,5.0,1.75,2030.0,470000.0,1.75,118009.1875
228,310950.0,4.0,2.5,2030.0,310950.0,2.5,78246.625
229,942500.0,5.0,3.5,3750.0,942500.0,3.5,236564.625
230,720000.0,3.0,2.5,2020.0,720000.0,2.5,180506.375
231,328000.0,3.0,2.25,2020.0,328000.0,2.25,82506.3125
232,595000.0,4.0,2.0,2020.0,595000.0,2.0,149256.5
233,565000.0,4.0,3.0,2020.0,565000.0,3.0,141756.75
234,250000.0,4.0,2.0,2010.0,250000.0,2.0,63004.0
235,456500.0,4.0,3.5,2000.0,456500.0,3.5,114626.875
236,577500.0,3.0,2.5,2000.0,577500.0,2.5,144876.375
237,715000.0,4.0,1.0,2000.0,715000.0,1.0,179251.25
238,243500.0,4.0,2.5,1980.0,243500.0,2.5,61371.625
239,461000.0,3.0,3.25,2770.0,461000.0,3.0,115944.0625
240,679900.0,3.0,2.5,2440.0,679900.0,2.5,170586.375
241,650000.0,4.0,3.0,2950.0,650000.0,3.0,163239.25
242,490000.0,3.0,2.75,1980.0,490000.0,2.75,122996.4375
243,700000.0,4.0,1.0,1980.0,700000.0,1.0,175496.25
244,834000.0,4.0,2.5,2370.0,834000.0,2.5,209094.125
245,595000.0,5.0,2.75,3740.0,595000.0,2.75,149686.9375
246,346900.0,4.0,2.5,1970.0,346900.0,2.5,87219.125
247,748000.0,4.0,3.5,2770.0,748000.0,3.5,187694.375
248,308000.0,4.0,2.25,1960.0,308000.0,2.25,77491.5625
249,260000.0,4.0,2.5,1960.0,260000.0,2.5,65491.625
250,640000.0,3.0,2.5,2160.0,640000.0,2.5,160541.375
251,247500.0,3.0,1.75,1960.0,247500.0,1.75,62366.1875
252,328500.0,3.0,2.5,1950.0,328500.0,2.5,82613.875
253,290000.0,3.0,1.5,1950.0,290000.0,1.5,72988.625
254,361000.0,3.0,2.0,1950.0,361000.0,2.0,90738.75
255,297000.0,3.0,2.5,1940.0,297000.0,2.5,74736.375
256,480000.0,3.0,2.5,1940.0,480000.0,2.5,120486.375
257,465250.0,5.0,2.0,1940.0,465250.0,2.0,116799.25
258,365000.0,4.0,2.0,1940.0,365000.0,2.0,91736.5
259,364950.0,4.0,2.5,1930.0,364950.0,2.5,91721.625
260,533600.0,3.0,2.5,1930.0,533600.0,2.5,133883.875
261,390000.0,3.0,2.5,1930.0,390000.0,2.5,97983.875
262,342000.0,3.0,2.0,1930.0,342000.0,2.0,85983.75
263,218000.0,5.0,1.75,1930.0,218000.0,1.75,54984.1875
264,260000.0,3.0,2.5,1920.0,260000.0,2.5,65481.375
265,324000.0,3.0,2.5,1920.0,324000.0,2.5,81481.375
266,340500.0,3.0,2.0,2270.0,340500.0,2.0,85693.75
267,400000.0,3.0,1.75,1920.0,400000.0,1.75,100481.1875
268,440000.0,3.0,2.5,1910.0,440000.0,2.5,110478.875
269,300000.0,4.0,2.5,1910.0,300000.0,2.5,75479.125
270,785000.0,4.0,2.75,2440.0,785000.0,2.75,196861.6875
271,560000.0,3.0,2.5,1900.0,560000.0,2.5,140476.375
272,360000.0,4.0,2.5,1900.0,360000.0,2.5,90476.625
273,535800.0,4.0,2.5,1900.0,535800.0,2.5,134426.625
274,940000.0,3.0,1.5,2140.0,940000.0,1.5,235536.125
275,270000.0,4.0,2.25,1900.0,270000.0,2.25,67976.5625
276,389999.0,4.0,2.5,1890.0,389999.0,2.5,97973.875
277,395000.0,3.0,2.0,1890.0,395000.0,2.0,99223.75
278,880000.0,4.0,3.5,2800.0,880000.0,3.5,220701.875
279,323000.0,3.0,2.5,1890.0,323000.0,2.5,81223.875
280,520000.0,4.0,2.25,1890.0,520000.0,2.25,130474.0625
281,485000.0,3.0,2.5,1880.0,485000.0,2.5,121721.375
282,811000.0,3.0,1.75,1870.0,811000.0,1.75,203218.6875
283,291000.0,4.0,2.5,1860.0,291000.0,2.5,73216.625
284,355000.0,3.0,2.25,1860.0,355000.0,2.25,89216.3125
285,662500.0,3.0,2.5,3560.0,662500.0,2.5,166516.375
286,559900.0,3.0,2.75,2930.0,559900.0,2.75,140708.9375
287,430000.0,4.0,3.0,1850.0,430000.0,3.0,107964.25
288,325000.0,4.0,2.5,1850.0,325000.0,2.5,81714.125
289,467000.0,5.0,2.25,2500.0,467000.0,2.25,117376.8125
290,289000.0,3.0,2.0,1850.0,289000.0,2.0,72713.75
291,465000.0,3.0,2.0,1840.0,465000.0,2.0,116711.25
292,360000.0,4.0,2.5,1840.0,360000.0,2.5,90461.625
293,730000.0,4.0,2.25,2190.0,730000.0,2.25,183049.0625
294,435000.0,3.0,2.5,1840.0,435000.0,2.5,109211.375
295,915000.0,5.0,2.5,2750.0,915000.0,2.5,229439.375
296,338900.0,4.0,2.5,1830.0,338900.0,2.5,85184.125
297,329500.0,4.0,2.5,1820.0,329500.0,2.5,82831.625
298,322500.0,4.0,2.5,1820.0,322500.0,2.5,81081.625
299,265000.0,3.0,1.75,1820.0,265000.0,1.75,66706.1875
300,264000.0,3.0,1.5,1820.0,264000.0,1.5,66456.125
301,342500.0,3.0,2.5,1810.0,342500.0,2.5,86078.875
302,530000.0,5.0,2.0,1810.0,530000.0,2.0,132954.25
303,295000.0,3.0,2.0,1810.0,295000.0,2.0,74203.75
304,266000.0,3.0,2.5,1805.0,266000.0,2.5,66952.625
305,408200.0,3.0,2.5,1800.0,408200.0,2.5,102501.375
306,865000.0,4.0,1.75,1800.0,865000.0,1.75,216701.4375
307,450000.0,4.0,2.75,2980.0,450000.0,2.75,113246.6875
308,225000.0,4.0,2.25,1800.0,225000.0,2.25,56701.5625
309,451000.0,3.0,1.75,1790.0,451000.0,1.75,113198.6875
310,370500.0,4.0,2.5,1790.0,370500.0,2.5,93074.125
311,350000.0,3.0,2.25,1780.0,350000.0,2.25,87946.3125
312,296000.0,4.0,2.5,1780.0,296000.0,2.5,74446.625
313,700000.0,5.0,3.25,2400.0,700000.0,3.25,175602.0625
314,325000.0,3.0,2.25,2220.0,325000.0,2.25,81806.3125
315,980000.0,5.0,2.5,3160.0,980000.0,2.5,245791.875
316,590000.0,4.0,2.75,2910.0,590000.0,2.75,148229.1875
317,438000.0,3.0,1.75,1780.0,438000.0,1.75,109946.1875
318,630000.0,4.0,1.75,2950.0,630000.0,1.75,158238.9375
319,315000.0,6.0,2.75,2940.0,315000.0,2.75,79487.1875
320,705000.0,3.0,3.0,1970.0,705000.0,3.0,176744.0
321,636000.0,3.0,2.5,2140.0,636000.0,2.5,159536.375
322,317625.0,3.0,2.75,2770.0,317625.0,2.75,80100.1875
323,578000.0,4.0,2.5,3140.0,578000.0,2.5,145286.625
324,420000.0,2.0,2.75,1760.0,420000.0,2.0,105441.1875
325,442000.0,5.0,3.0,2560.0,442000.0,3.0,111142.0
326,320000.0,4.0,1.75,1760.0,320000.0,1.75,80441.4375
327,437000.0,3.0,2.5,1750.0,437000.0,2.5,109688.875
328,324000.0,3.0,2.5,1750.0,324000.0,2.5,81438.875
329,413000.0,4.0,3.5,2380.0,413000.0,3.5,103846.875
330,420000.0,3.0,1.5,2390.0,420000.0,1.5,105598.625
331,937000.0,3.0,1.75,2450.0,937000.0,1.75,234863.6875
332,420000.0,4.0,1.0,1750.0,420000.0,1.0,105438.75
333,450000.0,4.0,1.75,2390.0,450000.0,1.75,113098.9375
334,330000.0,3.0,3.0,2420.0,330000.0,3.0,83106.5
335,245000.0,3.0,1.75,1740.0,245000.0,1.75,61686.1875
336,718000.0,5.0,3.0,3070.0,718000.0,3.0,180269.5
337,710000.0,4.0,2.0,1740.0,710000.0,2.0,177936.5
338,245000.0,3.0,2.5,1730.0,245000.0,2.5,61683.875
339,269950.0,3.0,2.5,1890.0,269950.0,2.5,67961.375
340,480000.0,4.0,2.0,2180.0,480000.0,2.0,120546.5
341,265000.0,3.0,2.5,1720.0,265000.0,2.5,66681.375
342,477000.0,4.0,2.75,1720.0,477000.0,2.75,119681.6875
343,822500.0,5.0,3.5,2320.0,822500.0,3.5,206207.125
344,891000.0,4.0,2.0,2330.0,891000.0,2.0,223334.0
345,445000.0,4.0,1.75,2100.0,445000.0,1.75,111776.4375
346,487000.0,3.0,2.0,2590.0,487000.0,2.0,122398.75
347,257500.0,3.0,2.25,1715.0,257500.0,2.25,64805.0625
348,725000.0,4.0,2.0,2110.0,725000.0,2.0,181779.0
349,524250.0,3.0,2.5,1710.0,524250.0,2.5,131491.375
350,431650.0,5.0,2.5,1710.0,431650.0,2.5,108341.875
351,233000.0,3.0,2.0,1710.0,233000.0,2.0,58678.75
352,691100.0,3.0,2.75,2360.0,691100.0,2.75,173366.4375
353,290000.0,4.0,2.5,1700.0,290000.0,2.5,72926.625
354,210000.0,3.0,1.0,1700.0,210000.0,1.0,52926.0
355,256883.0,3.0,2.5,1690.0,256883.0,2.5,64644.625
356,500000.0,3.0,2.25,1690.0,500000.0,2.25,125423.8125
357,235000.0,4.0,1.5,1690.0,235000.0,1.5,59173.875
358,347000.0,3.0,2.5,1680.0,347000.0,2.5,87171.375
359,545000.0,3.0,1.75,1680.0,545000.0,1.75,136671.1875
360,470000.0,4.0,3.0,2380.0,470000.0,3.0,118096.75
361,356000.0,3.0,1.5,1680.0,356000.0,1.5,89421.125
362,510000.0,3.0,2.0,1680.0,510000.0,2.0,127921.25
363,370000.0,3.0,2.0,1680.0,370000.0,2.0,92921.25
364,289950.0,3.0,2.5,1670.0,289950.0,2.5,72906.375
365,260000.0,3.0,2.5,1670.0,260000.0,2.5,65418.875
366,484950.0,3.0,2.25,1670.0,484950.0,2.25,121656.3125
367,410000.0,4.0,1.0,1970.0,410000.0,1.0,102993.75
368,469500.0,5.0,2.5,2970.0,469500.0,2.5,118119.375
369,280000.0,3.0,1.5,1670.0,280000.0,1.5,70418.625
370,227950.0,3.0,1.5,1670.0,227950.0,1.5,57406.125
371,272000.0,3.0,1.75,2160.0,272000.0,1.75,68541.1875
372,507000.0,2.0,1.75,1670.0,507000.0,1.75,127168.4375
373,559950.0,3.0,2.5,1660.0,559950.0,2.5,140403.875
374,342000.0,3.0,1.75,1660.0,342000.0,1.75,85916.1875
375,201000.0,5.0,1.75,1660.0,201000.0,1.75,50666.6875
376,585000.0,4.0,2.5,2160.0,585000.0,2.5,146791.625
377,314950.0,3.0,2.25,1654.0,314950.0,2.25,79152.3125
378,463000.0,3.0,2.5,1640.0,463000.0,2.5,116161.375
379,475000.0,3.0,2.5,1640.0,475000.0,2.5,119161.375
380,416000.0,3.0,2.0,2220.0,416000.0,2.0,104556.25
381,352000.0,3.0,2.25,1640.0,352000.0,2.25,88411.3125
382,795000.0,5.0,2.5,3040.0,795000.0,2.5,199511.875
383,345000.0,5.0,2.5,3150.0,345000.0,2.5,87039.375
384,422120.0,3.0,2.5,1630.0,422120.0,2.5,105938.875
385,664000.0,4.0,2.75,2510.0,664000.0,2.75,166629.1875
386,840000.0,4.0,1.75,2480.0,840000.0,1.75,210621.4375
387,428750.0,3.0,1.0,1620.0,428750.0,1.0,107593.5
388,475000.0,3.0,1.5,2480.0,475000.0,1.5,119371.125
389,445000.0,3.0,2.25,2100.0,445000.0,2.25,111776.3125
390,320000.0,4.0,2.75,2640.0,320000.0,2.75,80661.6875
391,290900.0,2.0,2.0,1610.0,290900.0,2.0,73128.5
392,358000.0,3.0,2.25,1610.0,358000.0,2.25,89903.8125
393,290000.0,3.0,2.5,1610.0,290000.0,2.5,72903.875
394,215000.0,2.0,2.25,1610.0,215000.0,2.0,54153.5625
395,535000.0,4.0,1.0,1610.0,535000.0,1.0,134153.75
396,563500.0,4.0,1.75,2085.0,563500.0,1.75,141397.6875
397,700000.0,5.0,2.5,2830.0,700000.0,2.5,175709.375
398,299000.0,3.0,2.75,3080.0,299000.0,2.75,75521.4375
399,304900.0,4.0,1.75,2600.0,304900.0,1.75,76876.4375
400,653000.0,3.0,2.5,2680.0,653000.0,2.5,163921.375
401,405300.0,3.0,2.75,2390.0,405300.0,2.75,101923.9375
402,330000.0,3.0,2.5,1600.0,330000.0,2.5,82901.375
403,464000.0,6.0,3.0,2300.0,464000.0,3.0,116577.25
404,485000.0,4.0,1.0,1600.0,485000.0,1.0,121651.25
405,615000.0,4.0,2.25,2500.0,615000.0,2.25,154376.5625
406,625000.0,3.0,1.75,1600.0,625000.0,1.75,156651.1875
407,426700.0,3.0,1.75,2080.0,426700.0,1.75,107196.1875
408,518500.0,3.0,3.5,1590.0,518500.0,3.0,130024.125
409,199950.0,2.0,2.75,1590.0,199950.0,2.0,50386.1875
410,365000.0,4.0,1.0,1590.0,365000.0,1.0,91648.75
411,650000.0,3.0,2.25,2150.0,650000.0,2.25,163038.8125
412,790000.0,3.0,2.25,2370.0,790000.0,2.25,198093.8125
413,308000.0,3.0,1.0,1980.0,308000.0,1.0,77496.0
414,350000.0,3.0,2.25,1580.0,350000.0,2.25,87896.3125
415,560000.0,4.0,2.25,2550.0,560000.0,2.25,140639.0625
416,585000.0,4.0,1.75,2430.0,585000.0,1.75,146858.9375
417,685000.0,3.0,1.0,1570.0,685000.0,1.0,171643.5
418,171800.0,4.0,2.0,1570.0,171800.0,2.0,43344.0
419,452000.0,4.0,1.75,1570.0,452000.0,1.75,113393.9375
420,278500.0,3.0,2.0,1570.0,278500.0,2.0,70018.75
421,280000.0,4.0,2.5,1560.0,280000.0,2.5,70391.625
422,284000.0,3.0,1.75,1560.0,284000.0,1.75,71391.1875
423,315000.0,4.0,2.75,2300.0,315000.0,2.75,79326.6875
424,283000.0,4.0,2.75,2130.0,283000.0,2.75,71284.1875
425,660000.0,3.0,2.5,2400.0,660000.0,2.5,165601.375
426,268000.0,3.0,2.5,1550.0,268000.0,2.5,67388.875
427,320000.0,4.0,2.25,1550.0,320000.0,2.25,80389.0625
428,385200.0,4.0,1.0,1550.0,385200.0,1.0,96688.75
429,345000.0,4.0,1.0,1550.0,345000.0,1.0,86638.75
430,521000.0,4.0,1.75,2020.0,521000.0,1.75,130756.4375
431,496500.0,4.0,2.5,2250.0,496500.0,2.5,124689.125
432,527700.0,5.0,2.5,2820.0,527700.0,2.5,132631.875
433,350000.0,5.0,3.0,2520.0,350000.0,3.0,88132.0
434,549000.0,3.0,1.75,1540.0,549000.0,1.75,137636.1875
435,315000.0,3.0,2.25,1540.0,315000.0,2.25,79136.3125
436,578000.0,3.0,1.75,2120.0,578000.0,1.75,145031.1875
437,729500.0,3.0,2.5,1660.0,729500.0,2.5,182791.375
438,269900.0,4.0,1.75,1530.0,269900.0,1.75,67858.9375
439,730000.0,2.0,2.25,2130.0,730000.0,2.0,183033.5625
440,664000.0,4.0,2.0,1530.0,664000.0,2.0,166384.0
441,671500.0,5.0,2.75,2160.0,671500.0,2.75,168416.9375
442,570000.0,3.0,1.75,2910.0,570000.0,1.75,143228.6875
443,147500.0,3.0,1.0,1530.0,147500.0,1.0,37258.5
444,440000.0,3.0,1.75,1530.0,440000.0,1.75,110383.6875
445,425000.0,3.0,1.0,1520.0,425000.0,1.0,106631.0
446,210000.0,4.0,2.0,1520.0,210000.0,2.0,52881.5
447,515000.0,5.0,3.0,2530.0,515000.0,3.0,129384.5
448,415000.0,3.0,2.25,1510.0,415000.0,2.25,104128.8125
449,230000.0,3.0,2.0,1510.0,230000.0,2.0,57878.75
450,687500.0,4.0,1.75,2330.0,687500.0,1.75,172458.9375
451,791500.0,4.0,2.0,1510.0,791500.0,2.0,198254.0
452,825000.0,3.0,1.75,2010.0,825000.0,1.75,206753.6875
453,696000.0,3.0,2.5,2300.0,696000.0,2.5,174576.375
454,330000.0,3.0,1.75,1510.0,330000.0,1.75,82878.6875
455,240000.0,3.0,1.75,1510.0,240000.0,1.75,60378.6875
456,479950.0,2.0,2.0,1510.0,479950.0,2.0,120366.0
457,457500.0,3.0,2.5,1500.0,457500.0,2.5,114751.375
458,399000.0,4.0,1.0,1500.0,399000.0,1.0,100126.25
459,396000.0,3.0,1.0,1500.0,396000.0,1.0,99376.0
460,530000.0,5.0,2.25,2720.0,530000.0,2.25,133181.8125
461,545000.0,5.0,2.5,2520.0,545000.0,2.5,136881.875
462,550000.0,5.0,2.75,2160.0,550000.0,2.75,138041.9375
463,525000.0,3.0,2.25,1490.0,525000.0,2.25,131623.8125
464,237000.0,3.0,2.5,1490.0,237000.0,2.5,59623.875
465,325000.0,3.0,1.0,1490.0,325000.0,1.0,81623.5
466,570000.0,4.0,3.0,1490.0,570000.0,3.0,142874.25
467,253000.0,3.0,2.0,1490.0,253000.0,2.0,63623.75
468,310000.0,3.0,1.75,1490.0,310000.0,1.75,77873.6875
469,516500.0,3.0,2.5,1480.0,516500.0,2.5,129496.375
470,465000.0,3.0,1.75,1480.0,465000.0,1.75,116621.1875
471,337000.0,3.0,2.5,1470.0,337000.0,2.5,84618.875
472,760000.0,4.0,2.5,2430.0,760000.0,2.5,190609.125
473,780000.0,3.0,1.0,1660.0,780000.0,1.0,195416.0
474,550000.0,4.0,1.75,2480.0,550000.0,1.75,138121.4375
475,795000.0,3.0,2.0,2920.0,795000.0,2.0,199481.25
476,375000.0,3.0,2.5,2340.0,375000.0,2.5,94336.375
477,295000.0,4.0,2.5,2160.0,295000.0,2.5,74291.625
478,297000.0,3.0,2.25,1450.0,297000.0,2.25,74613.8125
479,435500.0,3.0,2.25,1450.0,435500.0,2.25,109238.8125
480,243000.0,3.0,1.75,1450.0,243000.0,1.75,61113.6875
481,800000.0,3.0,2.25,2380.0,800000.0,2.25,200596.3125
482,230000.0,3.0,2.0,1450.0,230000.0,2.0,57863.75
483,675000.0,5.0,2.25,2900.0,675000.0,2.25,169476.8125
484,391500.0,3.0,2.0,1450.0,391500.0,2.0,98238.75
485,254000.0,3.0,2.0,2070.0,254000.0,2.0,64018.75
486,555000.0,3.0,2.0,1980.0,555000.0,2.0,139246.25
487,749000.0,4.0,2.5,1710.0,749000.0,2.5,187679.125
488,660500.0,4.0,2.25,2010.0,660500.0,2.25,165629.0625
489,520000.0,3.0,2.25,2590.0,520000.0,2.25,130648.8125
490,250000.0,3.0,2.0,1440.0,250000.0,2.0,62861.25
491,582800.0,4.0,2.75,2550.0,582800.0,2.75,146339.1875
492,210000.0,3.0,2.0,1440.0,210000.0,2.0,52861.25
493,460000.0,3.0,1.75,1440.0,460000.0,1.75,115361.1875
494,210000.0,2.0,1.75,1440.0,210000.0,1.75,52860.9375
495,185000.0,3.0,1.75,1430.0,185000.0,1.75,46608.6875
496,280000.0,3.0,2.25,1430.0,280000.0,2.25,70358.8125
497,930000.0,4.0,2.5,2200.0,930000.0,2.5,233051.625
498,310000.0,3.0,1.0,1430.0,310000.0,1.0,77858.5
499,455000.0,2.0,1.0,1430.0,455000.0,1.0,114108.25
500,373000.0,3.0,1.75,1830.0,373000.0,1.75,93708.6875
501,585188.0,3.0,2.25,2230.0,585188.0,2.25,146855.8125
502,246500.0,3.0,2.0,1430.0,246500.0,2.0,61983.75
503,225000.0,3.0,1.75,1430.0,225000.0,1.75,56608.6875
504,275000.0,3.0,2.25,1420.0,275000.0,2.25,69106.3125
505,592500.0,2.0,2.0,1420.0,592500.0,2.0,148481.0
506,400000.0,4.0,1.0,1420.0,400000.0,1.0,100356.25
507,390000.0,4.0,3.0,2570.0,390000.0,3.0,98144.25
508,272500.0,3.0,2.5,2070.0,272500.0,2.5,68643.875
509,234000.0,3.0,1.75,1420.0,234000.0,1.75,58856.1875
510,265000.0,3.0,1.75,1420.0,265000.0,1.75,66606.1875
511,400000.0,3.0,2.5,2180.0,400000.0,2.5,100546.375
512,435000.0,5.0,1.0,1410.0,435000.0,1.0,109104.0
513,460000.0,4.0,3.0,2230.0,460000.0,3.0,115559.25
514,390000.0,3.0,2.0,1910.0,390000.0,2.0,97978.75
515,365500.0,3.0,2.0,1410.0,365500.0,2.0,91728.75
516,255000.0,3.0,1.75,1410.0,255000.0,1.75,64103.6875
517,205000.0,3.0,2.0,1410.0,205000.0,2.0,51603.75
518,245000.0,3.0,2.0,1410.0,245000.0,2.0,61603.75
519,372500.0,2.0,2.5,1400.0,372500.0,2.0,93476.125
520,238000.0,4.0,1.0,1400.0,238000.0,1.0,59851.25
521,667000.0,3.0,1.0,1400.0,667000.0,1.0,167101.0
522,330000.0,3.0,2.0,1400.0,330000.0,2.0,82851.25
523,232000.0,3.0,1.0,1400.0,232000.0,1.0,58351.0
524,233000.0,3.0,2.0,1400.0,233000.0,2.0,58601.25
525,522000.0,3.0,1.75,1730.0,522000.0,1.75,130933.6875
526,550000.0,4.0,2.75,1800.0,550000.0,2.75,137951.6875
527,453246.0,3.0,2.5,2010.0,453246.0,2.5,113815.375
528,206600.0,3.0,2.0,1390.0,206600.0,2.0,51998.75
529,990000.0,4.0,2.5,2780.0,990000.0,2.5,248196.625
530,280000.0,3.0,2.25,1900.0,280000.0,2.25,70476.3125
531,180000.0,3.0,1.0,1384.0,180000.0,1.0,45347.0
532,597500.0,3.0,2.0,2150.0,597500.0,2.0,149913.75
533,795000.0,2.0,1.0,1380.0,795000.0,1.0,199095.75
534,270000.0,2.0,1.5,1380.0,270000.0,1.5,67845.875
535,249900.0,3.0,1.75,1380.0,249900.0,1.75,62821.1875
536,385000.0,4.0,1.5,2040.0,385000.0,1.5,96761.375
537,500000.0,4.0,2.25,2030.0,500000.0,2.25,125509.0625
538,400000.0,3.0,1.75,1370.0,400000.0,1.75,100343.6875
539,638700.0,3.0,1.75,2080.0,638700.0,1.75,160196.1875
540,371500.0,3.0,2.0,1370.0,371500.0,2.0,93218.75
541,501000.0,3.0,1.75,1970.0,501000.0,1.75,125743.6875
542,338000.0,4.0,3.0,2090.0,338000.0,3.0,85024.25
543,245000.0,3.0,1.5,1360.0,245000.0,1.5,61591.125
544,720000.0,3.0,1.75,2040.0,720000.0,1.75,180511.1875
545,532170.0,3.0,2.0,1360.0,532170.0,2.0,133383.75
546,200000.0,2.0,1.5,1360.0,200000.0,1.5,50340.875
547,565000.0,3.0,2.75,2390.0,565000.0,2.75,141848.9375
548,260000.0,4.0,2.25,2160.0,260000.0,2.25,65541.5625
549,249000.0,3.0,2.0,1360.0,249000.0,2.0,62591.25
550,385000.0,3.0,1.75,1350.0,385000.0,1.75,96588.6875
551,279950.0,3.0,2.0,1750.0,279950.0,2.0,70426.25
552,497000.0,3.0,2.25,1870.0,497000.0,2.25,124718.8125
553,345500.0,3.0,1.0,1350.0,345500.0,1.0,86713.5
554,305000.0,4.0,2.25,1950.0,305000.0,2.25,76739.0625
555,419950.0,2.0,1.75,1350.0,419950.0,1.75,105325.9375
556,430000.0,2.0,1.75,1350.0,430000.0,1.75,107838.4375
557,313000.0,3.0,1.5,1340.0,313000.0,1.5,78586.125
558,650000.0,3.0,2.0,1340.0,650000.0,2.0,162836.25
559,662500.0,6.0,2.25,2450.0,662500.0,2.25,166239.5625
560,452000.0,4.0,2.25,2590.0,452000.0,2.25,113649.0625
561,305000.0,4.0,2.5,2250.0,305000.0,2.5,76814.125
562,255000.0,3.0,1.5,1340.0,255000.0,1.5,64086.125
563,604950.0,3.0,2.5,2110.0,604950.0,2.5,151766.375
564,650000.0,3.0,3.25,1510.0,650000.0,3.0,162879.0625
565,290000.0,4.0,1.0,1330.0,290000.0,1.0,72833.75
566,249950.0,4.0,1.0,1330.0,249950.0,1.0,62821.25
567,685000.0,3.0,2.0,2060.0,685000.0,2.0,171766.25
568,615000.0,4.0,1.0,1330.0,615000.0,1.0,154083.75
569,900000.0,3.0,1.0,1330.0,900000.0,1.0,225333.5
570,374000.0,3.0,1.5,1330.0,374000.0,1.5,93833.625
571,404000.0,3.0,1.5,2030.0,404000.0,1.5,101508.625
572,240000.0,2.0,1.75,1330.0,240000.0,1.75,60333.4375
573,601000.0,3.0,1.75,1330.0,601000.0,1.75,150583.6875
574,577000.0,3.0,2.5,2060.0,577000.0,2.5,144766.375
575,525000.0,3.0,2.25,2100.0,525000.0,2.25,131776.3125
576,300000.0,3.0,2.5,1320.0,300000.0,2.5,75331.375
577,199000.0,3.0,1.75,1320.0,199000.0,1.75,50081.1875
578,467000.0,2.0,1.5,1320.0,467000.0,1.5,117080.875
579,196500.0,3.0,1.0,1320.0,196500.0,1.0,49456.0
580,265000.0,3.0,2.0,1320.0,265000.0,2.0,66581.25
581,215000.0,2.0,1.0,1320.0,215000.0,1.0,54080.75
582,270500.0,3.0,2.5,1780.0,270500.0,2.5,68071.375
583,269950.0,3.0,1.5,1950.0,269950.0,1.5,67976.125
584,399950.0,5.0,2.75,1970.0,399950.0,2.75,100481.9375
585,381156.0,2.0,1.0,1320.0,381156.0,1.0,95619.75
586,535000.0,3.0,2.5,1360.0,535000.0,2.5,134091.375
587,253000.0,3.0,2.5,2020.0,253000.0,2.5,63756.375
588,175000.0,4.0,1.0,1300.0,175000.0,1.0,44076.25
589,435000.0,3.0,1.5,1300.0,435000.0,1.5,109076.125
590,315000.0,3.0,1.0,1900.0,315000.0,1.0,79226.0
591,232000.0,3.0,1.75,1300.0,232000.0,1.75,58326.1875
592,267000.0,3.0,2.0,1300.0,267000.0,2.0,67076.25
593,331000.0,3.0,1.75,1300.0,331000.0,1.75,83076.1875
594,225000.0,3.0,1.0,1300.0,225000.0,1.0,56576.0
595,396000.0,3.0,1.5,1300.0,396000.0,1.5,99326.125
596,335000.0,3.0,1.75,1570.0,335000.0,1.75,84143.6875
597,475000.0,5.0,2.5,2340.0,475000.0,2.5,119336.875
598,425000.0,3.0,1.75,2500.0,425000.0,1.75,106876.1875
599,223000.0,3.0,2.0,1670.0,223000.0,2.0,56168.75
600,236000.0,3.0,1.0,1300.0,236000.0,1.0,59326.0
601,650000.0,4.0,1.75,2010.0,650000.0,1.75,163003.9375
602,450000.0,3.0,2.0,1290.0,450000.0,2.0,112823.75
603,557000.0,3.0,3.5,1710.0,557000.0,3.0,139679.125
604,299900.0,3.0,2.25,1560.0,299900.0,2.25,75366.3125
605,323000.0,3.0,1.0,1290.0,323000.0,1.0,81073.5
606,824000.0,4.0,2.25,2490.0,824000.0,2.25,206624.0625
607,423000.0,4.0,2.25,2200.0,423000.0,2.25,106301.5625
608,285000.0,4.0,1.75,2510.0,285000.0,1.75,71878.9375
609,430000.0,3.0,1.5,1580.0,430000.0,1.5,107896.125
610,700000.0,3.0,1.5,1580.0,700000.0,1.5,175396.125
611,242000.0,3.0,1.75,1280.0,242000.0,1.75,60821.1875
612,425000.0,3.0,2.25,1820.0,425000.0,2.25,106706.3125
613,216000.0,3.0,1.0,1280.0,216000.0,1.0,54321.0
614,322500.0,4.0,2.75,2060.0,322500.0,2.75,81141.6875
615,500000.0,2.0,1.0,1280.0,500000.0,1.0,125320.75
616,309600.0,4.0,1.75,1275.0,309600.0,1.75,77720.1875
617,438000.0,2.0,2.0,1270.0,438000.0,2.0,109818.5
618,550000.0,3.0,2.0,1970.0,550000.0,2.0,137993.75
619,850830.0,3.0,2.5,2070.0,850830.0,2.5,213226.375
620,247000.0,3.0,2.0,1270.0,247000.0,2.0,62068.75
621,237000.0,3.0,1.75,1270.0,237000.0,1.75,59568.6875
622,588000.0,3.0,1.0,1910.0,588000.0,1.0,147478.5
623,570000.0,3.0,3.25,1570.0,570000.0,3.0,142894.0625
624,425000.0,4.0,1.0,1260.0,425000.0,1.0,106566.25
625,378750.0,3.0,2.5,2160.0,378750.0,2.5,95228.875
626,465750.0,3.0,1.5,1260.0,465750.0,1.5,116753.625
627,291500.0,3.0,1.75,1260.0,291500.0,1.75,73191.1875
628,289000.0,3.0,1.75,1260.0,289000.0,1.75,72566.1875
629,605000.0,3.0,1.75,1920.0,605000.0,1.75,151731.1875
630,325000.0,3.0,2.0,1260.0,325000.0,2.0,81566.25
631,505000.0,3.0,2.0,1260.0,505000.0,2.0,126566.25
632,312000.0,3.0,1.5,1255.0,312000.0,1.5,78314.875
633,530000.0,3.0,1.75,1250.0,530000.0,1.75,132813.6875
634,350000.0,3.0,1.5,1250.0,350000.0,1.5,87813.625
635,305000.0,3.0,1.0,1250.0,305000.0,1.0,76563.5
636,288349.0,3.0,1.0,1250.0,288349.0,1.0,72400.75
637,175000.0,3.0,1.0,1250.0,175000.0,1.0,44063.5
638,230000.0,3.0,1.0,1250.0,230000.0,1.0,57813.5
639,888000.0,3.0,1.5,1250.0,888000.0,1.5,222313.625
640,282950.0,3.0,1.0,1250.0,282950.0,1.0,71051.0
641,387000.0,4.0,1.75,2500.0,387000.0,1.75,97376.4375
642,390000.0,3.0,2.25,1250.0,390000.0,2.25,97813.8125
643,345000.0,3.0,1.0,1250.0,345000.0,1.0,86563.5
644,440000.0,3.0,1.75,1560.0,440000.0,1.75,110391.1875
645,450000.0,3.0,1.75,1250.0,450000.0,1.75,112813.6875
646,517500.0,3.0,1.5,1430.0,517500.0,1.5,129733.625
647,727500.0,2.0,2.0,1240.0,727500.0,2.0,182186.0
648,255000.0,3.0,1.75,1240.0,255000.0,1.75,64061.1875
649,260000.0,3.0,2.0,1810.0,260000.0,2.0,65453.75
650,405000.0,3.0,1.75,2390.0,405000.0,1.75,101848.6875
651,188500.0,2.0,1.75,1240.0,188500.0,1.75,47435.9375
652,655000.0,2.0,1.75,1450.0,655000.0,1.75,164113.4375
653,324500.0,3.0,1.75,1920.0,324500.0,1.75,81606.1875
654,255000.0,3.0,1.0,1230.0,255000.0,1.0,64058.5
655,539900.0,3.0,1.75,1650.0,539900.0,1.75,135388.6875
656,260000.0,4.0,1.75,1810.0,260000.0,1.75,65453.9375
657,447000.0,3.0,1.0,1370.0,447000.0,1.0,112093.5
658,642450.0,3.0,1.75,1830.0,642450.0,1.75,161071.1875
659,650000.0,3.0,2.0,1870.0,650000.0,2.0,162968.75
660,306000.0,3.0,1.5,1220.0,306000.0,1.5,76806.125
661,300000.0,2.0,1.0,1220.0,300000.0,1.0,75305.75
662,330000.0,2.0,1.0,1220.0,330000.0,1.0,82805.75
663,333500.0,3.0,1.75,1220.0,333500.0,1.75,83681.1875
664,305000.0,3.0,1.75,1650.0,305000.0,1.75,76663.6875
665,469950.0,3.0,2.25,1620.0,469950.0,2.25,117893.8125
666,387500.0,3.0,1.0,1220.0,387500.0,1.0,97181.0
667,289999.0,5.0,2.5,2180.0,289999.0,2.5,73046.625
668,288400.0,4.0,2.5,1860.0,288400.0,2.5,72566.625
669,385000.0,3.0,1.0,1220.0,385000.0,1.0,96556.0
670,532500.0,3.0,1.75,1330.0,532500.0,1.75,133458.6875
671,529000.0,3.0,1.0,1210.0,529000.0,1.0,132553.5
672,314000.0,3.0,1.75,1810.0,314000.0,1.75,78953.6875
673,290000.0,3.0,1.0,1210.0,290000.0,1.0,72803.5
674,200000.0,3.0,1.5,1210.0,200000.0,1.5,50303.625
675,385000.0,3.0,1.75,1800.0,385000.0,1.75,96701.1875
676,315000.0,3.0,1.75,1580.0,315000.0,1.75,79146.1875
677,390000.0,3.0,1.0,1200.0,390000.0,1.0,97801.0
678,153000.0,3.0,1.0,1200.0,153000.0,1.0,38551.0
679,189000.0,2.0,1.0,1200.0,189000.0,1.0,47550.75
680,214000.0,3.0,1.0,1200.0,214000.0,1.0,53801.0
681,397000.0,4.0,2.0,1440.0,397000.0,2.0,99611.5
682,478500.0,3.0,1.0,2090.0,478500.0,1.0,120148.5
683,280000.0,2.0,1.5,1190.0,280000.0,1.5,70298.375
684,625000.0,2.0,1.5,1490.0,625000.0,1.5,156623.375
685,645000.0,4.0,2.0,2780.0,645000.0,2.0,161946.5
686,228000.0,3.0,1.0,1190.0,228000.0,1.0,57298.5
687,166950.0,3.0,1.0,1190.0,166950.0,1.0,42036.0
688,378000.0,4.0,1.5,2140.0,378000.0,1.5,95036.375
689,288000.0,3.0,1.0,1190.0,288000.0,1.0,72298.5
690,382500.0,2.0,1.0,1190.0,382500.0,1.0,95923.25
691,438000.0,3.0,2.5,1520.0,438000.0,2.5,109881.375
692,260000.0,3.0,1.0,1180.0,260000.0,1.0,65296.0
693,610000.0,3.0,1.0,1180.0,610000.0,1.0,152796.0
694,215000.0,3.0,1.0,1180.0,215000.0,1.0,54046.0
695,385000.0,4.0,1.75,2360.0,385000.0,1.75,96841.4375
696,370000.0,3.0,1.75,1580.0,370000.0,1.75,92896.1875
697,221900.0,3.0,1.0,1180.0,221900.0,1.0,55771.0
698,519950.0,3.0,2.25,1170.0,519950.0,2.25,130281.3125
699,460000.0,3.0,1.0,1670.0,460000.0,1.0,115418.5
700,548000.0,2.0,1.0,1470.0,548000.0,1.0,137368.25
701,272500.0,3.0,1.75,1540.0,272500.0,1.75,68511.1875
702,305000.0,3.0,1.0,1160.0,305000.0,1.0,76541.0
703,252350.0,3.0,2.0,1650.0,252350.0,2.0,63501.25
704,441000.0,3.0,2.75,1910.0,441000.0,2.75,110728.9375
705,199000.0,4.0,1.5,1160.0,199000.0,1.5,50041.375
706,310000.0,3.0,1.5,1150.0,310000.0,1.5,77788.625
707,460500.0,3.0,1.0,1490.0,460500.0,1.0,115498.5
708,166600.0,3.0,1.75,1150.0,166600.0,1.75,41938.6875
709,185000.0,3.0,1.0,1150.0,185000.0,1.0,46538.5
710,240000.0,3.0,1.75,1760.0,240000.0,1.75,60441.1875
711,466000.0,2.0,1.5,1140.0,466000.0,1.5,116785.875
712,269900.0,3.0,1.75,1140.0,269900.0,1.75,67761.1875
713,500000.0,2.0,1.0,1640.0,500000.0,1.0,125410.75
714,705000.0,3.0,1.75,2180.0,705000.0,1.75,176796.1875
715,232500.0,3.0,1.5,1940.0,232500.0,1.5,58611.125
716,405000.0,3.0,1.75,1670.0,405000.0,1.75,101668.6875
717,950000.0,3.0,1.75,2150.0,950000.0,1.75,238038.6875
718,423000.0,4.0,2.0,1970.0,423000.0,2.0,106244.0
719,258000.0,5.0,2.0,2260.0,258000.0,2.0,65066.75
720,320000.0,3.0,1.5,1650.0,320000.0,1.5,80413.625
721,328000.0,3.0,1.75,1470.0,328000.0,1.75,82368.6875
722,215000.0,4.0,1.0,1130.0,215000.0,1.0,54033.75
723,341500.0,3.0,1.5,1130.0,341500.0,1.5,85658.625
724,287500.0,3.0,1.0,1810.0,287500.0,1.0,72328.5
725,431000.0,3.0,1.0,1810.0,431000.0,1.0,108203.5
726,645000.0,3.0,1.75,2070.0,645000.0,1.75,161768.6875
727,250000.0,2.0,2.0,1130.0,250000.0,2.0,62783.5
728,260000.0,3.0,1.0,1480.0,260000.0,1.0,65371.0
729,188000.0,2.0,1.5,1120.0,188000.0,1.5,47280.875
730,285000.0,3.0,1.0,1120.0,285000.0,1.0,71531.0
731,264950.0,4.0,2.25,1720.0,264950.0,2.25,66669.0625
732,315000.0,3.0,2.25,2200.0,315000.0,2.25,79301.3125
733,325000.0,3.0,1.0,1920.0,325000.0,1.0,81731.0
734,531000.0,2.0,3.0,1270.0,531000.0,2.0,133068.75
735,560000.0,3.0,1.0,1110.0,560000.0,1.0,140278.5
736,450000.0,3.0,1.75,1640.0,450000.0,1.75,112911.1875
737,425000.0,3.0,2.25,1660.0,425000.0,2.25,106666.3125
738,595000.0,3.0,1.75,1910.0,595000.0,1.75,149228.6875
739,665000.0,2.0,1.0,1110.0,665000.0,1.0,166528.25
740,340000.0,2.0,2.5,1100.0,340000.0,2.0,85276.125
741,450000.0,2.0,2.0,1100.0,450000.0,2.0,112776.0
742,260000.0,3.0,1.75,1100.0,260000.0,1.75,65276.1875
743,315000.0,4.0,2.25,2180.0,315000.0,2.25,79296.5625
744,530000.0,4.0,2.25,2180.0,530000.0,2.25,133046.5625
745,405000.0,5.0,1.75,1550.0,405000.0,1.75,101639.1875
746,269000.0,4.0,1.75,1490.0,269000.0,1.75,67623.9375
747,268000.0,4.0,1.75,1680.0,268000.0,1.75,67421.4375
748,300000.0,2.0,1.0,1100.0,300000.0,1.0,75275.75
749,375000.0,4.0,1.75,2200.0,375000.0,1.75,94301.4375
750,485000.0,4.0,2.0,1400.0,485000.0,2.0,121601.5
751,535000.0,3.0,1.0,1090.0,535000.0,1.0,134023.5
752,349000.0,3.0,1.75,1790.0,349000.0,1.75,87698.6875
753,267500.0,3.0,1.75,1590.0,267500.0,1.75,67273.6875
754,429950.0,4.0,1.0,1760.0,429950.0,1.0,107928.75
755,340000.0,2.0,1.0,1090.0,340000.0,1.0,85273.25
756,460000.0,3.0,2.5,1610.0,460000.0,2.5,115403.875
757,359000.0,2.0,2.75,1370.0,359000.0,2.0,90093.6875
758,512000.0,3.0,1.75,1610.0,512000.0,1.75,128403.6875
759,268500.0,4.0,1.75,1420.0,268500.0,1.75,67481.4375
760,300000.0,3.0,2.0,1480.0,300000.0,2.0,75371.25
761,329950.0,3.0,1.75,2080.0,329950.0,1.75,83008.6875
762,320000.0,2.0,1.0,1070.0,320000.0,1.0,80268.25
763,316500.0,3.0,1.75,1600.0,316500.0,1.75,79526.1875
764,252700.0,2.0,1.5,1070.0,252700.0,1.5,63443.375
765,265000.0,3.0,1.0,1070.0,265000.0,1.0,66518.5
766,415000.0,3.0,1.75,1070.0,415000.0,1.75,104018.6875
767,397500.0,3.0,2.0,1510.0,397500.0,2.0,99753.75
768,435000.0,4.0,1.5,1510.0,435000.0,1.5,109128.875
769,641000.0,2.0,1.0,1420.0,641000.0,1.0,160605.75
770,640000.0,2.0,1.0,1070.0,640000.0,1.0,160268.25
771,415000.0,2.0,1.0,1070.0,415000.0,1.0,104018.25
772,625504.0,3.0,2.25,1270.0,625504.0,2.25,156694.8125
773,230000.0,3.0,1.0,1060.0,230000.0,1.0,57766.0
774,291850.0,3.0,1.5,1060.0,291850.0,1.5,73228.625
775,330000.0,2.0,1.0,1350.0,330000.0,1.0,82838.25
776,212000.0,3.0,1.75,1060.0,212000.0,1.75,53266.1875
777,275000.0,3.0,3.0,1590.0,275000.0,3.0,69149.0
778,299995.0,2.0,1.0,1060.0,299995.0,1.0,75264.5
779,325000.0,2.0,1.0,1060.0,325000.0,1.0,81515.75
780,493000.0,4.0,2.0,1910.0,493000.0,2.0,123729.0
781,163500.0,2.0,1.5,1050.0,163500.0,1.5,41138.375
782,320000.0,3.0,1.5,1240.0,320000.0,1.5,80311.125
783,400000.0,3.0,2.25,1190.0,400000.0,2.25,100298.8125
784,252000.0,4.0,1.5,1550.0,252000.0,1.5,63388.875
785,287653.0,3.0,1.0,1050.0,287653.0,1.0,72176.75
786,237500.0,3.0,1.75,1050.0,237500.0,1.75,59638.6875
787,229500.0,3.0,1.0,1780.0,229500.0,1.0,57821.0
788,384000.0,4.0,1.75,2100.0,384000.0,1.75,96526.4375
789,245000.0,2.0,1.0,1050.0,245000.0,1.0,61513.25
790,604000.0,4.0,3.0,1960.0,604000.0,3.0,151491.75
791,263500.0,3.0,1.75,1330.0,263500.0,1.75,66208.6875
792,436000.0,2.0,1.0,1040.0,436000.0,1.0,109260.75
793,204000.0,3.0,1.0,1040.0,204000.0,1.0,51261.0
794,480000.0,3.0,1.0,1040.0,480000.0,1.0,120261.0
795,255000.0,5.0,2.25,2060.0,255000.0,2.25,64266.8125
796,245000.0,3.0,2.5,1530.0,245000.0,2.5,61633.875
797,427200.0,3.0,1.0,1030.0,427200.0,1.0,107058.5
798,442000.0,3.0,1.0,1190.0,442000.0,1.0,110798.5
799,189950.0,2.0,1.0,1030.0,189950.0,1.0,47745.75
800,209000.0,3.0,2.0,1230.0,209000.0,2.0,52558.75
801,229000.0,3.0,1.0,1020.0,229000.0,1.0,57506.0
802,459000.0,2.0,1.75,1170.0,459000.0,1.75,115043.4375
803,550700.0,2.0,1.0,1010.0,550700.0,1.0,137928.25
804,505000.0,3.0,1.5,1830.0,505000.0,1.5,126708.625
805,420000.0,3.0,2.0,2020.0,420000.0,2.0,105506.25
806,160000.0,3.0,1.5,1010.0,160000.0,1.5,40253.625
807,205000.0,3.0,1.0,1610.0,205000.0,1.0,51653.5
808,405500.0,3.0,1.5,1010.0,405500.0,1.5,101628.625
809,220000.0,4.0,1.75,2020.0,220000.0,1.75,55506.4375
810,385000.0,3.0,2.0,1010.0,385000.0,2.0,96503.75
811,250000.0,4.0,1.75,1710.0,250000.0,1.75,62928.9375
812,355000.0,2.0,1.0,2020.0,355000.0,1.0,89255.75
813,425000.0,3.0,1.0,1010.0,425000.0,1.0,106503.5
814,470000.0,3.0,1.0,1010.0,470000.0,1.0,117753.5
815,595000.0,2.0,2.0,1510.0,595000.0,2.0,149128.5
816,280000.0,2.0,1.0,1010.0,280000.0,1.0,70253.25
817,451000.0,3.0,1.75,1560.0,451000.0,1.75,113141.1875
818,204000.0,3.0,1.0,1000.0,204000.0,1.0,51251.0
819,270000.0,2.0,1.0,1000.0,270000.0,1.0,67750.75
820,213000.0,2.0,1.0,1000.0,213000.0,1.0,53500.75
821,420000.0,3.0,2.25,2000.0,420000.0,2.25,105501.3125
822,186375.0,3.0,1.0,1000.0,186375.0,1.0,46844.75
823,165000.0,4.0,1.0,1000.0,165000.0,1.0,41501.25
824,239900.0,4.0,1.0,1000.0,239900.0,1.0,60226.25
825,220000.0,3.0,1.0,1000.0,220000.0,1.0,55251.0
826,600000.0,3.0,1.75,1410.0,600000.0,1.75,150353.6875
827,240500.0,3.0,1.75,1460.0,240500.0,1.75,60491.1875
828,585000.0,2.0,1.75,1980.0,585000.0,1.75,146745.9375
829,210490.0,3.0,1.0,990.0,210490.0,1.0,52871.0
830,325000.0,3.0,1.0,990.0,325000.0,1.0,81498.5
831,495000.0,3.0,1.0,990.0,495000.0,1.0,123998.5
832,543500.0,3.0,2.25,1270.0,543500.0,2.25,136193.8125
833,235000.0,3.0,1.0,1430.0,235000.0,1.0,59108.5
834,330000.0,3.0,1.0,980.0,330000.0,1.0,82746.0
835,511000.0,3.0,1.0,1430.0,511000.0,1.0,128108.5
836,400000.0,3.0,1.75,1590.0,400000.0,1.75,100398.6875
837,576000.0,3.0,2.5,1940.0,576000.0,2.5,144486.375
838,222000.0,3.0,2.0,1440.0,222000.0,2.0,55861.25
839,315000.0,2.0,1.0,970.0,315000.0,1.0,78993.25
840,226000.0,3.0,1.0,970.0,226000.0,1.0,56743.5
841,425000.0,2.0,1.0,970.0,425000.0,1.0,106493.25
842,232000.0,2.0,1.0,1240.0,232000.0,1.0,58310.75
843,240500.0,2.0,1.0,1240.0,240500.0,1.0,60435.75
844,282000.0,4.0,1.75,1660.0,282000.0,1.75,70916.4375
845,218000.0,3.0,1.0,960.0,218000.0,1.0,54741.0
846,452000.0,4.0,1.5,1580.0,452000.0,1.5,113396.375
847,315000.0,3.0,1.0,960.0,315000.0,1.0,78991.0
848,565000.0,2.0,1.75,1330.0,565000.0,1.75,141583.4375
849,565000.0,2.0,1.0,960.0,565000.0,1.0,141490.75
850,725000.0,3.0,1.75,1920.0,725000.0,1.75,181731.1875
851,200000.0,1.0,1.5,1010.0,200000.0,1.0,50253.125
852,615000.0,3.0,1.75,1900.0,615000.0,1.75,154226.1875
853,482000.0,2.0,1.0,950.0,482000.0,1.0,120738.25
854,420000.0,3.0,1.0,1060.0,420000.0,1.0,105266.0
855,205000.0,3.0,1.0,940.0,205000.0,1.0,51486.0
856,443500.0,2.0,1.0,940.0,443500.0,1.0,111110.75
857,320000.0,3.0,1.0,1340.0,320000.0,1.0,80336.0
858,375000.0,2.0,1.0,940.0,375000.0,1.0,93985.75
859,605000.0,2.0,1.75,1760.0,605000.0,1.75,151690.9375
860,352000.0,2.0,1.0,940.0,352000.0,1.0,88235.75
861,275000.0,2.0,1.0,940.0,275000.0,1.0,68985.75
862,550000.0,4.0,1.0,1660.0,550000.0,1.0,137916.25
863,379000.0,2.0,1.0,930.0,379000.0,1.0,94983.25
864,225000.0,3.0,1.75,1760.0,225000.0,1.75,56691.1875
865,309000.0,3.0,1.0,1280.0,309000.0,1.0,77571.0
866,200000.0,4.0,2.0,1920.0,200000.0,2.0,50481.5
867,274250.0,3.0,1.0,910.0,274250.0,1.0,68791.0
868,565000.0,3.0,1.0,910.0,565000.0,1.0,141478.5
869,410000.0,3.0,1.0,1410.0,410000.0,1.0,102853.5
870,180250.0,2.0,0.75,900.0,180250.0,0.75,45288.1875
871,226500.0,3.0,1.5,1300.0,226500.0,1.5,56951.125
872,525000.0,3.0,1.5,1350.0,525000.0,1.5,131588.625
873,395000.0,3.0,1.0,1500.0,395000.0,1.0,99126.0
874,240000.0,4.0,1.0,1220.0,240000.0,1.0,60306.25
875,207950.0,2.0,2.0,890.0,207950.0,2.0,52211.0
876,130000.0,2.0,1.0,880.0,130000.0,1.0,32720.75
877,326100.0,2.0,1.0,880.0,326100.0,1.0,81745.75
878,380000.0,4.0,1.75,1760.0,380000.0,1.75,95441.4375
879,205425.0,2.0,1.0,880.0,205425.0,1.0,51577.0
880,490000.0,2.0,2.5,1230.0,490000.0,2.0,122808.625
881,157000.0,1.0,1.0,870.0,157000.0,1.0,39468.0
882,405000.0,2.0,0.75,1160.0,405000.0,0.75,101540.6875
883,414900.0,3.0,1.5,1260.0,414900.0,1.5,104041.125
884,530000.0,3.0,1.75,1320.0,530000.0,1.75,132831.1875
885,210000.0,3.0,1.0,860.0,210000.0,1.0,52716.0
886,468000.0,2.0,1.0,1160.0,468000.0,1.0,117290.75
887,170000.0,2.0,1.0,860.0,170000.0,1.0,42715.75
888,385000.0,4.0,1.75,1620.0,385000.0,1.75,96656.4375
889,460000.0,3.0,1.75,1550.0,460000.0,1.75,115388.6875
890,475000.0,2.0,1.0,1490.0,475000.0,1.0,119123.25
891,280000.0,2.0,1.0,850.0,280000.0,1.0,70213.25
892,378500.0,4.0,1.75,1700.0,378500.0,1.75,95051.4375
893,435000.0,4.0,2.5,1700.0,435000.0,2.5,109176.625
894,438924.0,3.0,1.5,1050.0,438924.0,1.5,109994.625
895,553500.0,2.0,1.0,850.0,553500.0,1.0,138588.25
896,419000.0,2.0,2.25,1180.0,419000.0,2.0,105046.0625
897,517534.0,2.0,1.0,833.0,517534.0,1.0,129592.5
898,210000.0,2.0,1.0,830.0,210000.0,1.0,52708.25
899,425000.0,3.0,2.5,1120.0,425000.0,2.5,106531.375
900,615000.0,2.0,1.0,1540.0,615000.0,1.0,154135.75
901,289500.0,3.0,1.0,960.0,289500.0,1.0,72616.0
902,195000.0,2.0,1.0,820.0,195000.0,1.0,48955.75
903,397500.0,3.0,1.25,1510.0,397500.0,1.25,99753.5625
904,268750.0,4.0,1.0,800.0,268750.0,1.0,67388.75
905,329999.0,3.0,1.0,1150.0,329999.0,1.0,82788.25
906,378000.0,2.0,2.0,1300.0,378000.0,2.0,94826.0
907,349500.0,3.0,1.0,1400.0,349500.0,1.0,87726.0
908,438000.0,3.0,1.75,1520.0,438000.0,1.75,109881.1875
909,437500.0,2.0,1.0,990.0,437500.0,1.0,109623.25
910,480000.0,2.0,1.0,1030.0,480000.0,1.0,120258.25
911,180000.0,2.0,1.0,770.0,180000.0,1.0,45193.25
912,395000.0,2.0,1.0,770.0,395000.0,1.0,98943.25
913,425000.0,2.0,1.0,770.0,425000.0,1.0,106443.25
914,850000.0,3.0,1.75,1370.0,850000.0,1.75,212843.6875
915,542000.0,2.0,1.0,890.0,542000.0,1.0,135723.25
916,481000.0,3.0,1.75,1560.0,481000.0,1.75,120641.1875
917,335000.0,2.0,1.75,1030.0,335000.0,1.75,84008.4375
918,369900.0,1.0,0.75,760.0,369900.0,0.75,92665.4375
919,210000.0,2.0,1.0,750.0,210000.0,1.0,52688.25
920,261000.0,2.0,1.0,750.0,261000.0,1.0,65438.25
921,178500.0,2.0,1.0,740.0,178500.0,1.0,44810.75
922,259950.0,2.0,2.0,1070.0,259950.0,2.0,65256.0
923,181000.0,2.0,1.5,720.0,181000.0,1.5,45430.875
924,269950.0,2.0,1.75,1340.0,269950.0,1.75,67823.4375
925,350000.0,1.0,1.0,700.0,350000.0,1.0,87675.5
926,435000.0,3.0,1.0,1400.0,435000.0,1.0,109101.0
927,570000.0,3.0,1.75,1260.0,570000.0,1.75,142816.1875
928,410000.0,2.0,1.0,800.0,410000.0,1.0,102700.75
929,315000.0,2.0,1.0,630.0,315000.0,1.0,78908.25
930,190000.0,2.0,1.0,630.0,190000.0,1.0,47658.25
931,331000.0,3.0,1.75,1080.0,331000.0,1.75,83021.1875
932,299000.0,1.0,0.75,560.0,299000.0,0.75,74890.4375
933,80000.0,1.0,0.75,430.0,80000.0,0.75,20107.9375
934,245000.0,1.0,0.75,380.0,245000.0,0.75,61345.4375
